model	author	data	time	time_std	dTrain	dTrain_std	dTest	dTest_std	dTotal	dTotal_std	params
model	Ilya	random_100x1000	0.03316346804300944	0.0022525776292250154	0.30000000000000004	0.0	-0.30000000000000004	0.0	-0.5896666666666666	0.010115993936995688	0
model	Ilya	glylec	3.948284467061361	0.5565457930513225	0.30000000000000004	0.0	-0.30000000000000004	0.0	-0.35235693773201654	0.0	0
model	Ilya	glass_all	39.546738624572754	2.8306037563468394	-0.018253727669380642	0.06462074067026266	0.018253727669380642	0.06462074067026266	-0.04727320680848387	0.0013115775810290965	0
model	Ilya	glass_posneg	8.424540360768637	0.6839996315892282	0.02328717567296638	0.0883484216350598	-0.023287175672966388	0.08834842163505979	-0.09327139923928777	0.0024154953771499113	0
