Model	Time	dTrain	dTest	dTotal
genetic 5	1.11 (0.00597)	0.125 (0.00685)	-0.125 (0.00685)	-0.387 (0.00695)
