model	author	data	time	time_std	dTrain	dTrain_std	dVal	dVal_std	dTest	dTest_std	dTotal	dTotal_std	params
model	Ilya	random_100x1000	0.08163722356160481	0.013749242904007322	0.30000000000000004	0.0	-0.20000000000000004	3.3993498887762956e-17	-0.10000000000000003	0.0	-0.61	0.008717797887081356	0
model	Ilya	glylec	6.742937882741292	0.2936920606796682	0.30000000000000004	0.0	-0.20000000000000004	3.3993498887762956e-17	-0.10000000000000003	0.0	-0.35235693773201654	0.0	0
model	Ilya	glass_all	40.14974069595337	4.31871608664268	0.02051720114265883	0.04123932527024896	-0.009167510623222056	0.04322938770667455	-0.011349690519436795	0.02254170517951478	-0.03996820545951459	0.008465641458559737	0
model	Ilya	glass_posneg	7.58841856320699	0.5463061976236822	0.03198016059335492	0.025336939191737365	-0.02279328454296967	0.06311676593186495	-0.009186876050385215	0.038235857038205076	-0.0947973117012802	0.002284354263270386	0
