model	author	data	time	time_std	dTrain	dTrain_std	dTest	dTest_std	dTotal	dTotal_std	params
model	Roman	glylec	86.70117672284444	2.0675590979496503	-0.005703188669483827	0.007555611318731009	0.005703188669483827	0.007555611318731009	-0.4796992832294366	0.0018908044387409221	0
model	Roman	glass_all	1186.43573029836	37.841346305179066	0.0013040777143653222	0.0027948134705171133	-0.0013040777143653408	0.002794813470517073	-0.4988173834351412	0.0010785357281424084	0
model	Roman	glass_posneg	104.18978834152222	3.171445005163297	-0.003205639676972553	0.003523296108325018	0.0032056396769725715	0.003523296108325034	-0.4984909174548678	0.002733916261876388	0
model	Ilya	glylec	11.360886414845785	0.48334059405819524	0.052359972203900075	0.24040924061359406	-0.052359972203900096	0.24040924061359403	-0.8630851486073171	0.004292333941706789	0
model	Ilya	glass_all	21.261743307113647	0.38244289537033166	0.007208379102436546	0.04098947404722882	-0.007208379102436537	0.04098947404722881	-0.06191708496812682	0.002718896669240522	0
model	Ilya	glass_posneg	4.098496278127034	0.32299520992061026	-0.023187832236554518	0.06290479596927705	0.023187832236554518	0.062904795969277	-0.11588706751788647	0.00283556954259846	0
