Model	Time	dTrain	dTest	dTotal
genetic 5	1.13 (0.00799)	0.14 (0.00761)	-0.14 (0.00761)	-0.372 (0.00339)
