model	author	data	time	time_std	dTrain	dTrain_std	dVal	dVal_std	dTest	dTest_std	dTotal	dTotal_std	params
model	Ilya	glylec	9.691583236058554	1.0757721194053012	-0.14235919018934393	0.19939665753469019	0.024190516185096395	0.19303132394534264	0.11816867400424748	0.194647598672231	-0.861037566248745	0.02634621140094991	0
model	Ilya	glass_all	19.921901146570843	1.3618899471062562	0.003043609130963502	0.03867395792421278	-0.019057509014534457	0.02764708026596133	0.016013899883570975	0.011067152625821098	-0.06209735081791093	0.0024557731004799044	0
model	Ilya	glass_posneg	3.8025054136912027	0.4266932558176768	0.005468124925251024	0.023325571511504904	-0.003422926371697601	0.019289612724240224	-0.0020451985535534325	0.03709184688800956	-0.11556916908830471	0.0010206038864552286	0
