model	author	data	time	time_std	dTrain	dTrain_std	dVal	dVal_std	dTest	dTest_std	dTotal	dTotal_std	params
model	Ilya	glylec	12.70780873298645	0.7659024137680673	0.10036274434801636	0.06503178133709957	-0.034710000952980415	0.035778178801606025	-0.0656527433950359	0.029253794005924816	-0.8503175270248186	0.0068256576651974455	0
model	Ilya	glass_all	20.52765615781148	0.18837663119960799	0.003940720302799239	0.03107279772235116	0.00533161625130496	0.04171809389182192	-0.00927233655410419	0.010683688601555046	-0.061078667290943044	0.0012003232389453558	0
model	Ilya	glass_posneg	4.51655387878418	0.6199072459179666	-0.009109132444790724	0.05783384074686155	0.029460638974180553	0.03546853234968885	-0.02035150652938983	0.022826659982620897	-0.11461547379955944	0.0008621367251069328	0
