model	author	data	time	time_std	dTrain	dTrain_std	dTest	dTest_std	dTotal	dTotal_std	params
model	Ilya	glylec	10.020326534907023	1.4748188991521092	0.1598904764538486	0.07598751849982986	-0.15989047645384863	0.07598751849982979	-0.8527573486493427	0.011878126230206997	0
model	Ilya	glass_all	19.885433117548626	0.5993327941619805	-0.04851198825518399	0.030965288891986076	0.04851198825518399	0.030965288891986076	-0.06359754983624845	0.003270577245361776	0
model	Ilya	glass_posneg	3.8305039405822754	0.29561892341559953	0.045122478371089625	0.004577812858182873	-0.045122478371089646	0.004577812858182904	-0.1141928558872919	0.0010164014789559137	0
